track_id,track_name,artist_name,album,release_date,album_image_url,spotify_url,bpm
05Z8c5pVeqT9bH1s9ftgTU,Pulsate,Christian Smith,Pulsate,2022-03-25,https://i.scdn.co/image/ab67616d0000b2730076a060fe5297959397114a,https://open.spotify.com/track/05Z8c5pVeqT9bH1s9ftgTU,
6IoSsOgcDI8BadBDp7AZ5E,The Parallel - Miss Monique Remix,Morttagua,The Parallel - Remixes,2021-12-17,https://i.scdn.co/image/ab67616d0000b273b9e665679641f35d40f46ce1,https://open.spotify.com/track/6IoSsOgcDI8BadBDp7AZ5E,
6GWQIewECrLcjgOqTQhibT,Elements - EDX Radio Mix,Dinka,Elements (Remixes),2010-03-19,https://i.scdn.co/image/ab67616d0000b273ce595b07ce80374df6597c55,https://open.spotify.com/track/6GWQIewECrLcjgOqTQhibT,
3kPMPDxomtVSNzACZp4S6A,Voyager - Vocal Edit,Martin Merkel,Soulful Techno,2016-06-03,https://i.scdn.co/image/ab67616d0000b27378bf03d914acd59b096af872,https://open.spotify.com/track/3kPMPDxomtVSNzACZp4S6A,
1OXeH61tSOyKdqlPRucbQX,Final Attempt - Original Club Mix,Passenger 10,Kamasutra EP,2019-08-02,https://i.scdn.co/image/ab67616d0000b2736fd1b88741a6d7edcb98bc42,https://open.spotify.com/track/1OXeH61tSOyKdqlPRucbQX,
3IxvOt8x3zd23hzokPskqW,Red Patterns,Drunken Kong,Where We Start,2020-02-10,https://i.scdn.co/image/ab67616d0000b273943267b44212e324b6464f25,https://open.spotify.com/track/3IxvOt8x3zd23hzokPskqW,
1pIBxvFjjnp7tAKOTwA0Az,Steps,Jeremy Olander,Steps,2020-06-05,https://i.scdn.co/image/ab67616d0000b273343d624604beb1b013fcb7ed,https://open.spotify.com/track/1pIBxvFjjnp7tAKOTwA0Az,
0P8saAbx49DNPOMNyYu3dx,Live Without Your Love (with Steve Lacy) - Mark Broom's Acid Mix,Love Regenerator,Live Without Your Love (with Steve Lacy) [Remixes],2020-10-02,https://i.scdn.co/image/ab67616d0000b273f5e7d26025eb90cb86650b98,https://open.spotify.com/track/0P8saAbx49DNPOMNyYu3dx,
4RrcjyuGLrQ7BpHHJdiWJ7,Razor - Radio Edit,Sebastian Weikum,Razor,2021-03-08,https://i.scdn.co/image/ab67616d0000b273ebacefaf67603553ec89ec32,https://open.spotify.com/track/4RrcjyuGLrQ7BpHHJdiWJ7,
5Hgfg8fFh2ULEK42eNp6ud,Out Back - Another Ambition Remix,Sebastian Weikum,Out Back,2016-10-24,https://i.scdn.co/image/ab67616d0000b27389614afe6c397d2b3a25a0ac,https://open.spotify.com/track/5Hgfg8fFh2ULEK42eNp6ud,
0w01wALkj28OhGVI1ZSpLf,Osmania,Passenger 10,Osmania,2021-11-26,https://i.scdn.co/image/ab67616d0000b27377f8473a72230bfd2492a4a7,https://open.spotify.com/track/0w01wALkj28OhGVI1ZSpLf,
5tf6JcirHOEtUWQHLH82Ur,Astronautin - Boris Brejcha Remix,Stephan Bodzin,Astronautin (Boris Brejcha Remix),2022-02-25,https://i.scdn.co/image/ab67616d0000b2733d06943958fad8b68cdb8262,https://open.spotify.com/track/5tf6JcirHOEtUWQHLH82Ur,
4h29hCPGmubYjF44ueVvkX,Somewhere Out There,Sundriver,The Journey,2021-01-29,https://i.scdn.co/image/ab67616d0000b273fa6ca5e67bb07a03ff41024c,https://open.spotify.com/track/4h29hCPGmubYjF44ueVvkX,
2WjZln2waY9zGmruH2rFru,Welcome to the Future,Moonwalk,Power of Universe,2022-11-11,https://i.scdn.co/image/ab67616d0000b273c334a7aa75f294cd3581d60f,https://open.spotify.com/track/2WjZln2waY9zGmruH2rFru,
4JqxcVfl4p9hMhFEybKawt,Rolling Back - Durante Remix,TWO LANES,Rolling Back (Durante Remix),2021-12-10,https://i.scdn.co/image/ab67616d0000b273e0c611a563c0246293a1fd73,https://open.spotify.com/track/4JqxcVfl4p9hMhFEybKawt,
1S8QEbg6QCTI5U4PDRSAtH,Ale Ale,Eran Hersh,Ale Ale,2022-02-04,https://i.scdn.co/image/ab67616d0000b273df77c8c0fc60a6fd2cfc77ce,https://open.spotify.com/track/1S8QEbg6QCTI5U4PDRSAtH,
1vMSKcmSK4iSxFKWNEgPhe,Euphoria - Extended Mix - Mixed,Cherry (UA),Visceral 110 (DJ Mix),2022-09-30,https://i.scdn.co/image/ab67616d0000b2735e93282de56ab8663cbfdebd,https://open.spotify.com/track/1vMSKcmSK4iSxFKWNEgPhe,
0OQF6YgMW5gOe8k4wfvLRJ,Ready For More,Korolova,Ready For More,2021-12-10,https://i.scdn.co/image/ab67616d0000b273fa9c1a977cd5086e39070916,https://open.spotify.com/track/0OQF6YgMW5gOe8k4wfvLRJ,
4io4CQ89K9w8z623duQVAX,Annihilation - Radio Edit,RoelBeat,Annihilation,2021-04-09,https://i.scdn.co/image/ab67616d0000b2733cf6a77d7102e32ea2a8672b,https://open.spotify.com/track/4io4CQ89K9w8z623duQVAX,
3WJJk1goyW5chCYFe85H9s,Instant,Arude,Instant,2020-08-14,https://i.scdn.co/image/ab67616d0000b273b670d256898ca013845eb184,https://open.spotify.com/track/3WJJk1goyW5chCYFe85H9s,
1JgOrERvvcWRW1gxUn2QJK,For You - Extended Mix,Austin Pettit,For You,2022-03-04,https://i.scdn.co/image/ab67616d0000b2737537aa1737b4993a76b231d1,https://open.spotify.com/track/1JgOrERvvcWRW1gxUn2QJK,
3WdzsAb3OzEBrQArVgrmSA,The Loved Are Never Lost,Trilucid,The Loved Are Never Lost,2022-07-15,https://i.scdn.co/image/ab67616d0000b2736e9f7fc2a355bc073819784e,https://open.spotify.com/track/3WdzsAb3OzEBrQArVgrmSA,
7EpvUIMMbp42BG3IPAz0Ea,Warp Speed - Radio Edit,Marksman,Warp Speed,2021-12-10,https://i.scdn.co/image/ab67616d0000b273eb775aefe382c71a976769b9,https://open.spotify.com/track/7EpvUIMMbp42BG3IPAz0Ea,
7FMdqH7LpnfdZK7vMwzOAQ,Requiem,Bound to Divide,Coming Home / Requiem,2021-11-17,https://i.scdn.co/image/ab67616d0000b273018bf74bc34877518a147364,https://open.spotify.com/track/7FMdqH7LpnfdZK7vMwzOAQ,
03VvQ3Pj4ji8gRCexcdpT4,Rover,Two Are,Rover,2022-07-22,https://i.scdn.co/image/ab67616d0000b27333d2a80ba94999f9d39c02a4,https://open.spotify.com/track/03VvQ3Pj4ji8gRCexcdpT4,
3K1Q6LjDlTCCtjTt3THO2o,Hera,D-Formation,Ares Hera,2021-08-05,https://i.scdn.co/image/ab67616d0000b273aa384120bbd78e9d5931fb03,https://open.spotify.com/track/3K1Q6LjDlTCCtjTt3THO2o,
5x6sZ6mz23tTf7lCCa7F7A,Azurblau,GIGEE,Berlin,2022-03-11,https://i.scdn.co/image/ab67616d0000b2730a6314f05e52d68a1aed0e15,https://open.spotify.com/track/5x6sZ6mz23tTf7lCCa7F7A,
0yqNGfESkxfNgc11ouwykd,Delta,Moonwalk,Solaris - EP,2021-02-19,https://i.scdn.co/image/ab67616d0000b2734ff23143d7dd6cfe4beb005d,https://open.spotify.com/track/0yqNGfESkxfNgc11ouwykd,
67AR810Gy2uPXTtQPuYW2Z,Binary,Passenger 10,Binary,2022-12-16,https://i.scdn.co/image/ab67616d0000b27351237409cfc66ff5e473ff5b,https://open.spotify.com/track/67AR810Gy2uPXTtQPuYW2Z,
5U7LGWuifQ0agJ8kWoJ0ra,Power of Universe,Moonwalk,Power of Universe,2022-11-11,https://i.scdn.co/image/ab67616d0000b273c334a7aa75f294cd3581d60f,https://open.spotify.com/track/5U7LGWuifQ0agJ8kWoJ0ra,
1QWj9NYh8ZcSugtyBhSIea,Concorde,Miss Monique,Concorde,2023-01-19,https://i.scdn.co/image/ab67616d0000b2730b616ea7eb573b24774080c9,https://open.spotify.com/track/1QWj9NYh8ZcSugtyBhSIea,
23WSd4TMp2ar1GRxa0WZQG,Ingern,Yotto,Odd Ones V2,2022-12-08,https://i.scdn.co/image/ab67616d0000b27374130520f024fcc26ad8626d,https://open.spotify.com/track/23WSd4TMp2ar1GRxa0WZQG,
2fY9O2PpELY5hubBbC2zEG,Pantheon,Argy,Pantheon,2023-01-13,https://i.scdn.co/image/ab67616d0000b2731258603dace96812d9d22a73,https://open.spotify.com/track/2fY9O2PpELY5hubBbC2zEG,
5joBjODoRwhq4Y9HbnFuhw,Tribute To Orange Clouds,Ida Engberg,Tribute To Orange Clouds,2023-01-27,https://i.scdn.co/image/ab67616d0000b273c43ecfcc1bbddd2e65926e53,https://open.spotify.com/track/5joBjODoRwhq4Y9HbnFuhw,
0vlauZfceQ2eiuqwDMf1jb,Rush - Miss Monique Remix,Sied Van Riel,Rush (Miss Monique Remix),2022-04-08,https://i.scdn.co/image/ab67616d0000b273530d10125afeaa3ccb2d247c,https://open.spotify.com/track/0vlauZfceQ2eiuqwDMf1jb,
4ZaQk7PJO0IdqpDJk8krfD,Excommunication - Original Mix,Erkka,Excommunication / Air Conditioner,2013-07-01,https://i.scdn.co/image/ab67616d0000b273d0e81934a0247f466bf4a487,https://open.spotify.com/track/4ZaQk7PJO0IdqpDJk8krfD,
30K3cajnMqH5Q1xZgWekes,Mcassey,Jey Kurmis,Demello EP,2017-08-04,https://i.scdn.co/image/ab67616d0000b273ae4c46fde28b5603a018fcd9,https://open.spotify.com/track/30K3cajnMqH5Q1xZgWekes,
3YMDVPa0ZObKcQBBGyY5Rh,Careless,Matt Fax,Careless / Huntdown,2016-05-20,https://i.scdn.co/image/ab67616d0000b2738f127e606e701f60ba30fece,https://open.spotify.com/track/3YMDVPa0ZObKcQBBGyY5Rh,
3nsH8TL1UoYWbBgeA47Rls,Skin Deep - Global Communication Remix,Dusky,Anjunadeep 07,2015-09-11,https://i.scdn.co/image/ab67616d0000b273f2f68b33c02153fb58e46207,https://open.spotify.com/track/3nsH8TL1UoYWbBgeA47Rls,
1UnYcIamObP0LV4n1WbNgu,luxuria (ov) - Tinlicker Remix,deadmau5,here's the drop!,2019-10-04,https://i.scdn.co/image/ab67616d0000b27358318403e253fbc3bf8ccd66,https://open.spotify.com/track/1UnYcIamObP0LV4n1WbNgu,
5pDlc5Kyr5f8dKEzxBIJ1P,Hundred,2pole,2wo,2019-07-29,https://i.scdn.co/image/ab67616d0000b273a06b0fc50ef079e6b3cbb00d,https://open.spotify.com/track/5pDlc5Kyr5f8dKEzxBIJ1P,
7td77R6MNM1GL3nh7QQ0KH,Falling,Joseph Ashworth,Falling EP,2017-09-15,https://i.scdn.co/image/ab67616d0000b273056a9a5c7fb122746f9a34b5,https://open.spotify.com/track/7td77R6MNM1GL3nh7QQ0KH,
4ELAizRil7NxbPCROyw8oW,Stuck,Matt Fax,Enhanced Deep House Essentials,2016-03-25,https://i.scdn.co/image/635e17119281092db5fe42647148968c53fe25cd,https://open.spotify.com/track/4ELAizRil7NxbPCROyw8oW,
5CnppVNwpJFQ2ipau6OCQY,Whiterock,Danny Howells,Whiterock EP,2018-05-28,https://i.scdn.co/image/ab67616d0000b2736c2e5325986ebf96266a4862,https://open.spotify.com/track/5CnppVNwpJFQ2ipau6OCQY,
1ouUKlviYOWl5yOi3dUcAJ,Fire Walk,Yotto,Fire Walk,2016-11-25,https://i.scdn.co/image/ab67616d0000b273579690407120fb814088b700,https://open.spotify.com/track/1ouUKlviYOWl5yOi3dUcAJ,
0yxm0snDlf0krDiqveXPfv,Seia,Kosinski,Esperanto,2018-10-01,https://i.scdn.co/image/ab67616d0000b273fa30e7edf3bf768372625cc9,https://open.spotify.com/track/0yxm0snDlf0krDiqveXPfv,
4Tni0eZOEBwZ7Dd1Q4izKL,Love,Ben Lukas Boysen,Mirage,2020-05-01,https://i.scdn.co/image/ab67616d0000b2730b6a51c2dc3c3df9c3a743d1,https://open.spotify.com/track/4Tni0eZOEBwZ7Dd1Q4izKL,
6DMDPxVQAihKhNgVWsDmTA,Cornetto,Spada,Be Strong,2022-02-04,https://i.scdn.co/image/ab67616d0000b273fd72a8487a05114cf4185ef9,https://open.spotify.com/track/6DMDPxVQAihKhNgVWsDmTA,
0tPbbpM6Sw9q1Ru8zhvYIl,Train of Thought,Miss Monique,Train of Thought,2021-07-02,https://i.scdn.co/image/ab67616d0000b2739f54c61c77227d95ed444e7a,https://open.spotify.com/track/0tPbbpM6Sw9q1Ru8zhvYIl,
2zMZbTBd5wSqTE0XFL70tp,Tribute,Nox Vahn,The Anjunadeep Edition 360 with James Grant,2021-07-29,https://i.scdn.co/image/ab67616d0000b27346436613fe922aa87283a18d,https://open.spotify.com/track/2zMZbTBd5wSqTE0XFL70tp,
5c4gtyaea8i7H1BqRyb2Xp,Sierra,Argy,Sierra,2024-04-18,https://i.scdn.co/image/ab67616d0000b273a31d9ae5735f24b5f5ad4e45,https://open.spotify.com/track/5c4gtyaea8i7H1BqRyb2Xp,
4yxlVbgJ5OdE9ipFOSMNGP,Biosphère,Miss Monique,Biosphère,2022-10-27,https://i.scdn.co/image/ab67616d0000b27320757648d6557c730270da6f,https://open.spotify.com/track/4yxlVbgJ5OdE9ipFOSMNGP,
6jdaBz780wecXanS9elu68,Elamy,Miss Monique,Elamy,2022-02-11,https://i.scdn.co/image/ab67616d0000b2731ab50c0669c7e563f36afd32,https://open.spotify.com/track/6jdaBz780wecXanS9elu68,
1h2vmAx4kUKOjMjP1xRHia,Masonic & Webster - Album Edit,Spencer Brown,Equanimity,2023-09-29,https://i.scdn.co/image/ab67616d0000b2730ceb3e9bf6e7880ff1622242,https://open.spotify.com/track/1h2vmAx4kUKOjMjP1xRHia,
7KNAX5vcVQpGalIP1TiQuP,Room 1.5,Joseph Ray,Room 1.5 / Chem-EX,2019-08-20,https://i.scdn.co/image/ab67616d0000b273238f659168e480979b690bb8,https://open.spotify.com/track/7KNAX5vcVQpGalIP1TiQuP,
7u0PSQmoGVnEGtzO9kK9WR,Moan - Edit,Habischman,Moan (Edit),2017-01-20,https://i.scdn.co/image/ab67616d0000b2739b4d5ea4348bdaac886c35b4,https://open.spotify.com/track/7u0PSQmoGVnEGtzO9kK9WR,
13dzpIlhBBeZrR0LOFpfUw,Cybernova,Massano,Shut Down,2023-12-08,https://i.scdn.co/image/ab67616d0000b273e9bfc37074b0bcfd5fcb5ff6,https://open.spotify.com/track/13dzpIlhBBeZrR0LOFpfUw,
7vGlHIN3gFi2UYnZTGEyER,Sogni D'oro,Durante,Enter (Deluxe),2024-11-27,https://i.scdn.co/image/ab67616d0000b273b04f6faeb4162768610d860d,https://open.spotify.com/track/7vGlHIN3gFi2UYnZTGEyER,
4NjCBS4wF0lFO5wbYBQuIt,Nomacita,Miss Monique,Nomacita,2025-01-10,https://i.scdn.co/image/ab67616d0000b2737839611d43d03324a9d40d12,https://open.spotify.com/track/4NjCBS4wF0lFO5wbYBQuIt,
0LBGk4xW093mDP7u1nVAdt,Lift Me Up,Lucas & Steve,Lift Me Up,2025-01-24,https://i.scdn.co/image/ab67616d0000b273c1978eeb5027ce0d1a04d37b,https://open.spotify.com/track/0LBGk4xW093mDP7u1nVAdt,
1Hz5ZPQxC6esErNVN4cxr6,Bloom At Night,Miss Monique,Bloom At Night,2024-03-22,https://i.scdn.co/image/ab67616d0000b2730e6bb06994a4a44e100d33c2,https://open.spotify.com/track/1Hz5ZPQxC6esErNVN4cxr6,
